Workbook

Sheet AAPL_1month_data
A1: Date | B1: Open | C1: High | D1: Low | E1: Close | F1: Volume | G1: Dividends | H1: Stock Splits | I1: FETCHED_AT
A2: 46021 | B2: 272.81 | C2: 274.07999 | D2: 272.28 | E2: 273.07999 | F2: 22139600 | G2: 0 | H2: 0 | I2: 46052.397
A3: 46022 | B3: 273.06 | C3: 273.67999 | D3: 271.75 | E3: 271.85999 | F3: 27293600 | G3: 0 | H3: 0 | I3: 46052.397
A4: 46024 | B4: 272.26001 | C4: 277.84 | D4: 269 | E4: 271.01001 | F4: 37838100 | G4: 0 | H4: 0 | I4: 46052.397
A5: 46027 | B5: 270.64001 | C5: 271.51001 | D5: 266.14001 | E5: 267.26001 | F5: 45647200 | G5: 0 | H5: 0 | I5: 46052.397
A6: 46028 | B6: 267 | C6: 267.54999 | D6: 262.12 | E6: 262.35999 | F6: 52352100 | G6: 0 | H6: 0 | I6: 46052.397
A7: 46029 | B7: 263.20001 | C7: 263.67999 | D7: 259.81 | E7: 260.32999 | F7: 48309800 | G7: 0 | H7: 0 | I7: 46052.397 | L7: LAST CLOSE: | M7: {=(INDEX(E:E,COUNTA(E:E)-1))} -> 258.28
A8: 46030 | B8: 257.01999 | C8: 259.29001 | D8: 255.7 | E8: 259.04001 | F8: 50419300 | G8: 0 | H8: 0 | I8: 46052.397
A9: 46031 | B9: 259.07999 | C9: 260.20999 | D9: 256.22 | E9: 259.37 | F9: 39997000 | G9: 0 | H9: 0 | I9: 46052.397
A10: 46034 | B10: 259.16 | C10: 261.29999 | D10: 256.79999 | E10: 260.25 | F10: 45263800 | G10: 0 | H10: 0 | I10: 46052.397
A11: 46035 | B11: 258.72 | C11: 261.81 | D11: 258.39001 | E11: 261.04999 | F11: 45730800 | G11: 0 | H11: 0 | I11: 46052.397
A12: 46036 | B12: 259.48999 | C12: 261.82001 | D12: 256.70999 | E12: 259.95999 | F12: 40019400 | G12: 0 | H12: 0 | I12: 46052.397
A13: 46037 | B13: 260.64999 | C13: 261.04001 | D13: 257.04999 | E13: 258.20999 | F13: 39388600 | G13: 0 | H13: 0 | I13: 46052.397
A14: 46038 | B14: 257.89999 | C14: 258.89999 | D14: 254.92999 | E14: 255.53 | F14: 72142800 | G14: 0 | H14: 0 | I14: 46052.397
A15: 46042 | B15: 252.73 | C15: 254.78999 | D15: 243.42 | E15: 246.7 | F15: 80267500 | G15: 0 | H15: 0 | I15: 46052.397
A16: 46043 | B16: 248.7 | C16: 251.56 | D16: 245.17999 | E16: 247.64999 | F16: 54641700 | G16: 0 | H16: 0 | I16: 46052.397
A17: 46044 | B17: 249.2 | C17: 251 | D17: 248.14999 | E17: 248.35001 | F17: 39708300 | G17: 0 | H17: 0 | I17: 46052.397
A18: 46045 | B18: 247.32001 | C18: 249.41 | D18: 244.67999 | E18: 248.03999 | F18: 41689000 | G18: 0 | H18: 0 | I18: 46052.397
A19: 46048 | B19: 251.48 | C19: 256.56 | D19: 249.8 | E19: 255.41 | F19: 55969200 | G19: 0 | H19: 0 | I19: 46052.397
... A23: 46052 | B23: 255.16499 | C23: 256.95999 | D23: 254.49001 | E23: 255.17 | F23: 7182961 | G23: 0 | H23: 0 | I23: 46052.397

Sheet realtime_stock_data
A1: OPEN | B1: HIGH | C1: LOW | D1: CLOSE | E1: VOLUME | F1: FETCHED_AT | G1: volume per min | H1: previous close
A2: 255.16499 | B2: 256.95999 | C2: 254.49001 | D2: 255.42 | E2: 0 | F2: 46052.397 | G2: =E2-E1 -> #VALUE! | H2: =AAPL_1month_data!$M$7 -> 258.28 | N2: KPI CALCS
A3: 255.16499 | B3: 256.95999 | C3: 253.37 | D3: 253.37 | E3: 5800249 | F3: 46052.397 | G3: =E3-E2 -> 5800249 | H3: =AAPL_1month_data!$M$7 -> 258.28 | M3: OPEN: | N3: {=(INDEX(A:A,COUNTA(A:A)))} -> 255.16499 | P3: Date | Q3: {=(INDEX(F:F,COUNTA(F:F)))} -> 46052.666
A4: 255.16499 | B4: 256.95999 | C4: 252.33 | D4: 252.50999 | E4: 6933614 | F4: 46052.398 | G4: =E4-E3 -> 1133365 | H4: =AAPL_1month_data!$M$7 -> 258.28 | M4: CLOSE: | N4: {=(INDEX(D:D,COUNTA(D:D)))} -> 259.98001 | P4: Time | Q4: {=(INDEX(F:F,COUNTA(F:F)))} -> 46052.666
A5: 255.16499 | B5: 256.95999 | C5: 252.17999 | D5: 252.97279 | E5: 7420046 | F5: 46052.399 | G5: =E5-E4 -> 486432 | H5: =AAPL_1month_data!$M$7 -> 258.28 | M5: HIGH: | N5: {=(INDEX(B:B,COUNTA(B:B)))} -> 261.73999
A6: 255.16499 | B6: 256.95999 | C6: 252.17999 | D6: 254.42 | E6: 7888418 | F6: 46052.4 | G6: =E6-E5 -> 468372 | H6: =AAPL_1month_data!$M$7 -> 258.28 | M6: LOW: | N6: {=(INDEX(C:C,COUNTA(C:C)))} -> 252.17999
A7: 255.16499 | B7: 256.95999 | C7: 252.17999 | D7: 254.32001 | E7: 8178057 | F7: 46052.4 | G7: =E7-E6 -> 289639 | H7: =AAPL_1month_data!$M$7 -> 258.28 | M7: %Change | N7: {=((INDEX(D:D,COUNTA(D:D))-AAPL_1month_data!M7)/AAPL_1month_data!M7)*100} -> 0.65820513
A8: 255.16499 | B8: 256.95999 | C8: 252.17999 | D8: 255.22 | E8: 8432100 | F8: 46052.401 | G8: =E8-E7 -> 254043 | H8: =AAPL_1month_data!$M$7 -> 258.28
A9: 255.16499 | B9: 256.95999 | C9: 252.17999 | D9: 255.261 | E9: 8752410 | F9: 46052.402 | G9: =E9-E8 -> 320310 | H9: =AAPL_1month_data!$M$7 -> 258.28
A10: 255.16499 | B10: 256.95999 | C10: 252.17999 | D10: 254.88 | E10: 8970093 | F10: 46052.402 | G10: =E10-E9 -> 217683 | H10: =AAPL_1month_data!$M$7 -> 258.28
A11: 255.16499 | B11: 256.95999 | C11: 252.17999 | D11: 254.25999 | E11: 9132669 | F11: 46052.403 | G11: =E11-E10 -> 162576 | H11: =AAPL_1month_data!$M$7 -> 258.28
A12: 255.16499 | B12: 256.95999 | C12: 252.17999 | D12: 254.55 | E12: 9390334 | F12: 46052.404 | G12: =E12-E11 -> 257665 | H12: =AAPL_1month_data!$M$7 -> 258.28
A13: 255.16499 | B13: 256.95999 | C13: 252.17999 | D13: 253.21001 | E13: 9579281 | F13: 46052.404 | G13: =E13-E12 -> 188947 | H13: =AAPL_1month_data!$M$7 -> 258.28
A14: 255.16499 | B14: 256.95999 | C14: 252.17999 | D14: 253.41 | E14: 9821687 | F14: 46052.405 | G14: =E14-E13 -> 242406 | H14: =AAPL_1month_data!$M$7 -> 258.28
A15: 255.16499 | B15: 256.95999 | C15: 252.17999 | D15: 253.67 | E15: 10152870 | F15: 46052.406 | G15: =E15-E14 -> 331183 | H15: =AAPL_1month_data!$M$7 -> 258.28
A16: 255.16499 | B16: 256.95999 | C16: 252.17999 | D16: 253.16 | E16: 10336866 | F16: 46052.407 | G16: =E16-E15 -> 183996 | H16: =AAPL_1month_data!$M$7 -> 258.28
A17: 255.16499 | B17: 256.95999 | C17: 252.17999 | D17: 253 | E17: 10577843 | F17: 46052.407 | G17: =E17-E16 -> 240977 | H17: =AAPL_1month_data!$M$7 -> 258.28
A18: 255.16499 | B18: 256.95999 | C18: 252.17999 | D18: 253.37 | E18: 10898641 | F18: 46052.408 | G18: =E18-E17 -> 320798 | H18: =AAPL_1month_data!$M$7 -> 258.28
A19: 255.16499 | B19: 256.95999 | C19: 252.17999 | D19: 253.17 | E19: 11073692 | F19: 46052.409 | G19: =E19-E18 -> 175051 | H19: =AAPL_1month_data!$M$7 -> 258.28
... A47: 255.16499 | B47: 258.70001 | C47: 252.17999 | D47: 258.46991 | E47: 16561304 | F47: 46052.429 | G47: =E47-E46 -> 206872 | H47: =AAPL_1month_data!$M$7 -> 258.28
A48: 255.16499 | B48: 258.70001 | C48: 252.17999 | D48: 257.85989 | E48: 22432294 | F48: 46052.43 | G48: 0 | H48: =AAPL_1month_data!$M$7 -> 258.28
A49: 255.16499 | B49: 258.70001 | C49: 252.17999 | D49: 257.03 | E49: 22432294 | F49: 46052.431 | G49: =E49-E48 -> 0 | H49: =AAPL_1month_data!$M$7 -> 258.28
A50: 255.16499 | B50: 258.70001 | C50: 252.17999 | D50: 256.85999 | E50: 22590257 | F50: 46052.431 | G50: =E50-E49 -> 157963 | H50: =AAPL_1month_data!$M$7 -> 258.28
A51: 255.16499 | B51: 258.70001 | C51: 252.17999 | D51: 256.66 | E51: 22759196 | F51: 46052.432 | G51: =E51-E50 -> 168939 | H51: =AAPL_1month_data!$M$7 -> 258.28
A52: 255.16499 | B52: 258.70001 | C52: 252.17999 | D52: 256.82501 | E52: 22863625 | F52: 46052.433 | G52: =E52-E51 -> 104429 | H52: =AAPL_1month_data!$M$7 -> 258.28
A53: 255.16499 | B53: 258.70001 | C53: 252.17999 | D53: 256.64001 | E53: 22968254 | F53: 46052.433 | G53: =E53-E52 -> 104629 | H53: =AAPL_1month_data!$M$7 -> 258.28
A54: 255.16499 | B54: 258.70001 | C54: 252.17999 | D54: 256.85999 | E54: 23140181 | F54: 46052.434 | G54: =E54-E53 -> 171927 | H54: =AAPL_1month_data!$M$7 -> 258.28
A55: 255.16499 | B55: 258.70001 | C55: 252.17999 | D55: 256.90771 | E55: 23233002 | F55: 46052.435 | G55: =E55-E54 -> 92821 | H55: =AAPL_1month_data!$M$7 -> 258.28
A56: 255.16499 | B56: 258.70001 | C56: 252.17999 | D56: 256.59 | E56: 23323862 | F56: 46052.435 | G56: =E56-E55 -> 90860 | H56: =AAPL_1month_data!$M$7 -> 258.28
A57: 255.16499 | B57: 258.70001 | C57: 252.17999 | D57: 256.14001 | E57: 23422654 | F57: 46052.436 | G57: =E57-E56 -> 98792 | H57: =AAPL_1month_data!$M$7 -> 258.28
A58: 255.16499 | B58: 258.70001 | C58: 252.17999 | D58: 254.94 | E58: 23776790 | F58: 46052.437 | G58: =E58-E57 -> 354136 | H58: =AAPL_1month_data!$M$7 -> 258.28
A59: 255.16499 | B59: 258.70001 | C59: 252.17999 | D59: 253.92999 | E59: 23985096 | F59: 46052.438 | G59: =E59-E58 -> 208306 | H59: =AAPL_1month_data!$M$7 -> 258.28
A60: 255.16499 | B60: 258.70001 | C60: 252.17999 | D60: 254.515 | E60: 24185657 | F60: 46052.438 | G60: =E60-E59 -> 200561 | H60: =AAPL_1month_data!$M$7 -> 258.28
... A385: 255.16499 | B385: 261.73999 | C385: 252.17999 | D385: 259.98001 | E385: 65259440 | F385: 46052.666 | G385: =E385-E384 -> 893977 | H385: =AAPL_1month_data!$M$7 -> 258.28

Sheet DASHBOARD
